NAME,REPO
kevinmedeiros,https://github.com/kevinmedeiros
falaeverson,https://github.com/falaeverson
MAAARKIN,https://github.com/MAAARKIN
marceloaguiarr,https://github.com/marceloaguiarr
raninho,https://github.com/raninho
dijalmasilva,https://github.com/dijalmasilva
matheusrangel,https://github.com/matheusrangel
rodrigocarvalhocdt,https://github.com/rodrigocarvalhocdt
mateusrodrigueslti,https://github.com/mateusrodrigueslti
carlosfip,https://github.com/carlosfip
diegonicacio,https://github.com/diegonicacio
paolobacci,https://github.com/paolobacci
IgorCRD,https://github.com/IgorCRD
pedrohff,https://github.com/pedrohff
Edmara,https://github.com/Edmara
henriquebarpb,https://github.com/henriquebarpb
pedro-quirino,https://github.com/pedro-quirino
ArtBrito,https://github.com/ArtBrito
thomascristanis,https://github.com/thomascristanis
MarcioBdeveloper,https://github.com/MarcioBdeveloper
fagnerlima,https://github.com/fagnerlima
williamokano,https://github.com/williamokano
gabpaladino,https://github.com/gabpaladino
jonathantroncoso82,https://github.com/jonathantroncoso82
MagdielADS,https://github.com/MagdielADS
andremarllus,https://github.com/andremarllus
GustavoAraujoCDT,https://github.com/GustavoAraujoCDT
josimarfilho,https://github.com/josimarfilho
pamcruz,https://github.com/pamcruz
diogo-cvs,https://github.com/diogo-cvs
allornothing,https://github.com/allornothing
AllenCoder,https://github.com/AllenCoder
RandeeCao,https://github.com/RandeeCao
JuneLeGency,https://github.com/JuneLeGency
enphoneh,https://github.com/enphoneh
xie123,https://github.com/xie123
Hope0310,https://github.com/Hope0310
qihuan92,https://github.com/qihuan92
LeeyipAi,https://github.com/LeeyipAi
FlyingFeeling,https://github.com/FlyingFeeling
peerless2012,https://github.com/peerless2012
adolphJane,https://github.com/adolphJane
pqpo,https://github.com/pqpo
w4lle,https://github.com/w4lle
huburt-Hu,https://github.com/huburt-Hu
machaojei,https://github.com/machaojei
zjw-swun,https://github.com/zjw-swun
wandyers,https://github.com/wandyers
hongyangAndroid,https://github.com/hongyangAndroid
LcxAndroidwawa,https://github.com/LcxAndroidwawa
jayronlou,https://github.com/jayronlou
mansoul1994,https://github.com/mansoul1994
dodola,https://github.com/dodola
shangxiazuoyou,https://github.com/shangxiazuoyou
Misutesu,https://github.com/Misutesu
lizhangqu,https://github.com/lizhangqu
andyxialm,https://github.com/andyxialm
ysnows,https://github.com/ysnows
voiddog,https://github.com/voiddog
lixiaoshaxing,https://github.com/lixiaoshaxing
shrugged,https://github.com/shrugged
L4ys,https://github.com/L4ys
elnx,https://github.com/elnx
romox,https://github.com/romox
jiych,https://github.com/jiych
Vancir,https://github.com/Vancir
nbosa,https://github.com/nbosa
pnigos,https://github.com/pnigos
1522402210,https://github.com/1522402210
Mah1ndra,https://github.com/Mah1ndra
akkessler,https://github.com/akkessler
scanfsec,https://github.com/scanfsec
Andross2,https://github.com/Andross2
axpatito,https://github.com/axpatito
hugelgupf,https://github.com/hugelgupf
sguzman,https://github.com/sguzman
patpatpatpatpat,https://github.com/patpatpatpatpat
mglinski,https://github.com/mglinski
yash1th,https://github.com/yash1th
jakecleary,https://github.com/jakecleary
izogain,https://github.com/izogain
R3dFruitRollUp,https://github.com/R3dFruitRollUp
iakashpaul,https://github.com/iakashpaul
phooning,https://github.com/phooning
MuTouRend,https://github.com/MuTouRend
petetnt,https://github.com/petetnt
rtzll,https://github.com/rtzll
danielribeiro,https://github.com/danielribeiro
knizkar,https://github.com/knizkar
rhedshi,https://github.com/rhedshi
javahub,https://github.com/javahub
fangshuai0119,https://github.com/fangshuai0119
lester2010,https://github.com/lester2010
yangl,https://github.com/yangl
jaminlai,https://github.com/jaminlai
wzhx78,https://github.com/wzhx78
TannerCai,https://github.com/TannerCai
huaixichen,https://github.com/huaixichen
kfchu,https://github.com/kfchu
dylanxue,https://github.com/dylanxue
usc,https://github.com/usc
zhengdehui,https://github.com/zhengdehui
acxlam,https://github.com/acxlam
MarcoSong2016,https://github.com/MarcoSong2016
nickqiao,https://github.com/nickqiao
igilbert,https://github.com/igilbert
YunaiV,https://github.com/YunaiV
QiyuLi,https://github.com/QiyuLi
qixiaobo,https://github.com/qixiaobo
chembohuang,https://github.com/chembohuang
kelvin06lee,https://github.com/kelvin06lee
dongzhonghui,https://github.com/dongzhonghui
chenjinris,https://github.com/chenjinris
ivan132,https://github.com/ivan132
shendewei,https://github.com/shendewei
drtrang,https://github.com/drtrang
bridgeli,https://github.com/bridgeli
lzw2006,https://github.com/lzw2006
uncoseason,https://github.com/uncoseason
longgotime,https://github.com/longgotime
clg0118,https://github.com/clg0118
AndyYang2014,https://github.com/AndyYang2014
lqren,https://github.com/lqren
SheepYang1993,https://github.com/SheepYang1993
CCtomorrow,https://github.com/CCtomorrow
aa41,https://github.com/aa41
Reteyery,https://github.com/Reteyery
xman2017,https://github.com/xman2017
YeeLL,https://github.com/YeeLL
TinycoderWang,https://github.com/TinycoderWang
wutong1,https://github.com/wutong1
jokermonn,https://github.com/jokermonn
lishoulin,https://github.com/lishoulin
youngkaaa,https://github.com/youngkaaa
SwiftyWang,https://github.com/SwiftyWang
2dxgujun,https://github.com/2dxgujun
dunwen,https://github.com/dunwen
canaanyjn,https://github.com/canaanyjn
yuanmaio,https://github.com/yuanmaio
idaima,https://github.com/idaima
zjw-swun,https://github.com/zjw-swun
jelychow,https://github.com/jelychow
SnailYC,https://github.com/SnailYC
Fritz-Xu,https://github.com/Fritz-Xu
xiaozhi805157387,https://github.com/xiaozhi805157387
life2015,https://github.com/life2015
mundane799699,https://github.com/mundane799699
huxiaotian123,https://github.com/huxiaotian123
aduroidpc,https://github.com/aduroidpc
snice,https://github.com/snice
jjimeno,https://github.com/jjimeno
dushan42,https://github.com/dushan42
jwmcglynn,https://github.com/jwmcglynn
BALUSANGEM,https://github.com/BALUSANGEM
markusrubey,https://github.com/markusrubey
adrien-aubel,https://github.com/adrien-aubel
hariofhabba,https://github.com/hariofhabba
namghiwook,https://github.com/namghiwook
hcjung2000,https://github.com/hcjung2000
akaita,https://github.com/akaita
selfimprW,https://github.com/selfimprW
ronindong,https://github.com/ronindong
anasanasanas,https://github.com/anasanasanas
joker-b,https://github.com/joker-b
izdi,https://github.com/izdi
liamwalsh,https://github.com/liamwalsh
attti,https://github.com/attti
AdrianAtGoogle,https://github.com/AdrianAtGoogle
jhurlbut,https://github.com/jhurlbut
ninerdelta,https://github.com/ninerdelta
saggggo,https://github.com/saggggo
PaezRice,https://github.com/PaezRice
bejado,https://github.com/bejado
jcsuscriptor,https://github.com/jcsuscriptor
qichuan,https://github.com/qichuan
guangzq,https://github.com/guangzq
thiagooo0,https://github.com/thiagooo0
scolar,https://github.com/scolar
HarrisonOg,https://github.com/HarrisonOg
kczarnota,https://github.com/kczarnota
datuo,https://github.com/datuo
zgjsyxwj,https://github.com/zgjsyxwj
pangjianhua,https://github.com/pangjianhua
yzrds,https://github.com/yzrds
zaiyunduan123,https://github.com/zaiyunduan123
bizehao,https://github.com/bizehao
debugException,https://github.com/debugException
libran7,https://github.com/libran7
wangshulun,https://github.com/wangshulun
chenjiajuntime,https://github.com/chenjiajuntime
LeShenGao,https://github.com/LeShenGao
Seifon,https://github.com/Seifon
luqinmao,https://github.com/luqinmao
tandingbo,https://github.com/tandingbo
vcvt,https://github.com/vcvt
lizubing1992,https://github.com/lizubing1992
tonybo2006,https://github.com/tonybo2006
changjieyy,https://github.com/changjieyy
Walker911,https://github.com/Walker911
wangyan-dlut,https://github.com/wangyan-dlut
tks6754,https://github.com/tks6754
iamdracula,https://github.com/iamdracula
jackey-jiang,https://github.com/jackey-jiang
wf2311,https://github.com/wf2311
xiaochunping,https://github.com/xiaochunping
riag,https://github.com/riag
zihaojiang,https://github.com/zihaojiang
WoodCharcoal,https://github.com/WoodCharcoal
1633788059,https://github.com/1633788059
icnws,https://github.com/icnws
longerian,https://github.com/longerian
looa,https://github.com/looa
594563563,https://github.com/594563563
halfrisk,https://github.com/halfrisk
baoshanf,https://github.com/baoshanf
chengzichen,https://github.com/chengzichen
mingjunli,https://github.com/mingjunli
merlin720,https://github.com/merlin720
MikeAfc,https://github.com/MikeAfc
yangqi1024,https://github.com/yangqi1024
Xumingrong,https://github.com/Xumingrong
samlss,https://github.com/samlss
Shimingli,https://github.com/Shimingli
Licasso,https://github.com/Licasso
xzy2046,https://github.com/xzy2046
Aaron-zheng,https://github.com/Aaron-zheng
hck-moivng,https://github.com/hck-moivng
indianpapa,https://github.com/indianpapa
lieyikong,https://github.com/lieyikong
lanxuezaipiao,https://github.com/lanxuezaipiao
xujim,https://github.com/xujim
zhejiushiwo,https://github.com/zhejiushiwo
kuyeluofan,https://github.com/kuyeluofan
lindean,https://github.com/lindean
wave113,https://github.com/wave113
chenhaonan,https://github.com/chenhaonan
hexiaoligithub,https://github.com/hexiaoligithub
bingjianguo,https://github.com/bingjianguo
helloyingying,https://github.com/helloyingying
ljinshuan,https://github.com/ljinshuan
re4lity,https://github.com/re4lity
Raul1718,https://github.com/Raul1718
xxnbyy,https://github.com/xxnbyy
icheernoom,https://github.com/icheernoom
vaisala,https://github.com/vaisala
9hj,https://github.com/9hj
cflq3,https://github.com/cflq3
scanfsec,https://github.com/scanfsec
greenhand2learn,https://github.com/greenhand2learn
an1sor0pous,https://github.com/an1sor0pous
1hak,https://github.com/1hak
CapitanShinChan,https://github.com/CapitanShinChan
ff00x0,https://github.com/ff00x0
pio777,https://github.com/pio777
testrockytesting,https://github.com/testrockytesting
thomaspatzke,https://github.com/thomaspatzke
kmskrishna,https://github.com/kmskrishna
sh4hin,https://github.com/sh4hin
alexfrancow,https://github.com/alexfrancow
Ganapati,https://github.com/Ganapati
MahmoudMagdy,https://github.com/MahmoudMagdy
tdr130,https://github.com/tdr130
sysinsider,https://github.com/sysinsider
bit4woo,https://github.com/bit4woo
CHYbeta,https://github.com/CHYbeta
aipengjie,https://github.com/aipengjie
DeeLMind,https://github.com/DeeLMind
cydefenser,https://github.com/cydefenser
heiye007,https://github.com/heiye007
halfx,https://github.com/halfx
136245813,https://github.com/136245813
imloama,https://github.com/imloama
dingputongxi,https://github.com/dingputongxi
kangzhengjiang,https://github.com/kangzhengjiang
zhengjiong,https://github.com/zhengjiong
gaelthas,https://github.com/gaelthas
neverream,https://github.com/neverream
chenfei0928,https://github.com/chenfei0928
baoziguo,https://github.com/baoziguo
liuw5367,https://github.com/liuw5367
maning0303,https://github.com/maning0303
jtsky,https://github.com/jtsky
uty3714,https://github.com/uty3714
xinshengfan,https://github.com/xinshengfan
stoneyulay,https://github.com/stoneyulay
a526227576,https://github.com/a526227576
hqucsx,https://github.com/hqucsx
JK2DOG,https://github.com/JK2DOG
shaonialife,https://github.com/shaonialife
ycx974577817,https://github.com/ycx974577817
ruanbaojun1105,https://github.com/ruanbaojun1105
jhyc,https://github.com/jhyc
wanglixiang,https://github.com/wanglixiang
shangxiazuoyou,https://github.com/shangxiazuoyou
gaofei1129,https://github.com/gaofei1129
yuanhongtao,https://github.com/yuanhongtao
Neils320,https://github.com/Neils320
darrennight,https://github.com/darrennight
Temoa,https://github.com/Temoa
lailiaomm,https://github.com/lailiaomm
mcoder,https://github.com/mcoder
sangupta,https://github.com/sangupta
igetgames,https://github.com/igetgames
Churro,https://github.com/Churro
sbhamad,https://github.com/sbhamad
sl4m,https://github.com/sl4m
bradjonesca,https://github.com/bradjonesca
pranaypatel512,https://github.com/pranaypatel512
ubuntudroid,https://github.com/ubuntudroid
RichSuther,https://github.com/RichSuther
kenosan,https://github.com/kenosan
krialix,https://github.com/krialix
eveliotc,https://github.com/eveliotc
nelenkov,https://github.com/nelenkov
LouisCAD,https://github.com/LouisCAD
nuhkoca,https://github.com/nuhkoca
arpitnnd,https://github.com/arpitnnd
mrmike,https://github.com/mrmike
bad79s,https://github.com/bad79s
AaronRietschlin,https://github.com/AaronRietschlin
ech0s7r,https://github.com/ech0s7r
melomg,https://github.com/melomg
octohub,https://github.com/octohub
eligrey,https://github.com/eligrey
venator85,https://github.com/venator85
justin-luoma,https://github.com/justin-luoma
pranavlathigara,https://github.com/pranavlathigara
aballano,https://github.com/aballano
MathieuCalba,https://github.com/MathieuCalba
maher640,https://github.com/maher640
